"species","date","geo_group","region","mean","lci","uci"
"rainbowtrout",2021-01-01,"area","area_1",1.13,0,2.65
"rainbowtrout",2021-02-01,"area","area_1",2.47,0,7.23
"rainbowtrout",2021-03-01,"area","area_1",4.51,3.03,5.72
"rainbowtrout",2021-04-01,"area","area_1",6.11,3.5,9
"rainbowtrout",2021-05-01,"area","area_1",8.57,4.89,10.43
"rainbowtrout",2021-06-01,"area","area_1",9.6,7.89,11.89
"rainbowtrout",2021-07-01,"area","area_1",11.29,7.23,15.48
"rainbowtrout",2021-08-01,"area","area_1",12.38,9.56,14.78
"rainbowtrout",2021-09-01,"area","area_1",13.19,10.66,18.16
"rainbowtrout",2021-10-01,"area","area_1",15.63,11.72,18.48
"rainbowtrout",2021-11-01,"area","area_1",18.15,13.36,20.02
"rainbowtrout",2021-12-01,"area","area_1",20,17.39,21.49
"rainbowtrout",2022-01-01,"area","area_1",2.22,0.34,5.36
"rainbowtrout",2022-02-01,"area","area_1",3.89,0.99,7.49
"rainbowtrout",2022-03-01,"area","area_1",4.56,1.84,6.93
"rainbowtrout",2022-04-01,"area","area_1",6.26,3.33,8.92
"rainbowtrout",2022-05-01,"area","area_1",8.55,5.15,11.56
"rainbowtrout",2022-06-01,"area","area_1",10.96,6.86,13.88
"rainbowtrout",2022-07-01,"area","area_1",11.6,7.77,14.58
"rainbowtrout",2022-08-01,"area","area_1",13.38,10.34,16.75
"rainbowtrout",2022-09-01,"area","area_1",16.26,13.22,19.08
"rainbowtrout",2022-10-01,"area","area_1",18.22,13.91,21.69
"rainbowtrout",2022-11-01,"area","area_1",20.16,19.13,24.89
"rainbowtrout",2022-12-01,"area","area_1",23.03,20.43,25.82
"rainbowtrout",2023-01-01,"area","area_1",1.93,0,5.19
"rainbowtrout",2023-02-01,"area","area_1",2.53,0,5.97
"rainbowtrout",2023-03-01,"area","area_1",4.39,1.19,7.21
"rainbowtrout",2023-04-01,"area","area_1",6.37,2.67,10.84
"rainbowtrout",2023-05-01,"area","area_1",8.19,5.32,12.97
"rainbowtrout",2023-06-01,"area","area_1",9.77,8.08,14.11
"rainbowtrout",2023-07-01,"area","area_1",11.75,7.93,15.92
"rainbowtrout",2023-08-01,"area","area_1",12.73,9.75,14.49
"rainbowtrout",2023-09-01,"area","area_1",14.38,9.77,19.25
"rainbowtrout",2023-10-01,"area","area_1",15.49,11.11,17.18
"rainbowtrout",2023-11-01,"area","area_1",17.33,13.95,22.09
"rainbowtrout",2023-12-01,"area","area_1",20.05,17.47,22.3
"rainbowtrout",2024-01-01,"area","area_1",2.24,0,5.81
"rainbowtrout",2024-02-01,"area","area_1",3.64,2.17,5.31
"rainbowtrout",2024-03-01,"area","area_1",5.7,1.72,10.31
"rainbowtrout",2024-04-01,"area","area_1",8.61,7.3,13.27
"rainbowtrout",2024-05-01,"area","area_1",10.46,7.78,14.07
"rainbowtrout",2024-06-01,"area","area_1",13.05,11.96,14.33
"rainbowtrout",2024-07-01,"area","area_1",15.76,12.1,19.42
"rainbowtrout",2024-08-01,"area","area_1",17.11,14.08,18.58
"rainbowtrout",2024-09-01,"area","area_1",19.03,16.79,23.91
"rainbowtrout",2024-10-01,"area","area_1",22.02,20.28,25.53
"rainbowtrout",2024-11-01,"area","area_1",23.55,21.77,25.86
"rainbowtrout",2024-12-01,"area","area_1",24.6,21.74,27.55
"rainbowtrout",2025-01-01,"area","area_1",2.62,0.07,6.28
"rainbowtrout",2025-02-01,"area","area_1",4.77,2.05,8.6
"rainbowtrout",2025-03-01,"area","area_1",5.73,3.48,9.35
"rainbowtrout",2025-04-01,"area","area_1",6.85,2.47,8.19
"rainbowtrout",2025-05-01,"area","area_1",9.24,5.19,11.59
"rainbowtrout",2025-06-01,"area","area_1",10.48,8.1,13.25
"rainbowtrout",2025-07-01,"area","area_1",13.44,8.95,18.44
"rainbowtrout",2025-08-01,"area","area_1",14.08,10.55,15.84
"rainbowtrout",2025-09-01,"area","area_1",15.27,12.1,18.22
"rainbowtrout",2025-10-01,"area","area_1",16.98,14.81,21.02
"rainbowtrout",2025-11-01,"area","area_1",19.84,17.26,21.96
"rainbowtrout",2025-12-01,"area","area_1",22.69,18.18,27.31
"rainbowtrout",2021-01-01,"area","area_2",1.06,0,5.49
"rainbowtrout",2021-02-01,"area","area_2",3.55,1.26,4.89
"rainbowtrout",2021-03-01,"area","area_2",4.49,0.77,8.02
"rainbowtrout",2021-04-01,"area","area_2",5.83,3.95,8.19
"rainbowtrout",2021-05-01,"area","area_2",7.93,6.08,11.12
"rainbowtrout",2021-06-01,"area","area_2",9.48,6.53,12.98
"rainbowtrout",2021-07-01,"area","area_2",10.32,8.9,13.06
"rainbowtrout",2021-08-01,"area","area_2",12.49,9.64,14.56
"rainbowtrout",2021-09-01,"area","area_2",14.57,12.17,17.55
"rainbowtrout",2021-10-01,"area","area_2",17.26,12.56,22.14
"rainbowtrout",2021-11-01,"area","area_2",20.19,18.54,23.2
"rainbowtrout",2021-12-01,"area","area_2",21.62,17.94,23.32
"rainbowtrout",2022-01-01,"area","area_2",2.04,0,4.86
"rainbowtrout",2022-02-01,"area","area_2",3.3,2.23,6.07
"rainbowtrout",2022-03-01,"area","area_2",5.53,1.74,8.34
"rainbowtrout",2022-04-01,"area","area_2",8.39,5.33,12.98
"rainbowtrout",2022-05-01,"area","area_2",9.85,7.86,11.45
"rainbowtrout",2022-06-01,"area","area_2",11.19,6.26,12.29
"rainbowtrout",2022-07-01,"area","area_2",12.05,7.4,15.83
"rainbowtrout",2022-08-01,"area","area_2",13.61,9.73,16.22
"rainbowtrout",2022-09-01,"area","area_2",14.63,10.86,16.55
"rainbowtrout",2022-10-01,"area","area_2",15.45,11.55,19.49
"rainbowtrout",2022-11-01,"area","area_2",18.07,13.72,20.94
"rainbowtrout",2022-12-01,"area","area_2",20.74,16.82,22.98
"rainbowtrout",2023-01-01,"area","area_2",2.71,0,3.99
"rainbowtrout",2023-02-01,"area","area_2",4.2,1.79,7.71
"rainbowtrout",2023-03-01,"area","area_2",5.96,3.21,8.05
"rainbowtrout",2023-04-01,"area","area_2",6.51,4.53,9.42
"rainbowtrout",2023-05-01,"area","area_2",9.28,7.77,11.95
"rainbowtrout",2023-06-01,"area","area_2",11.86,7.11,16.35
"rainbowtrout",2023-07-01,"area","area_2",12.7,11.39,15.95
"rainbowtrout",2023-08-01,"area","area_2",15.03,11.22,16.52
"rainbowtrout",2023-09-01,"area","area_2",17.07,13.7,21.01
"rainbowtrout",2023-10-01,"area","area_2",18.1,13.31,21.14
"rainbowtrout",2023-11-01,"area","area_2",19.48,18.01,20.62
"rainbowtrout",2023-12-01,"area","area_2",21.77,17.72,22.96
"rainbowtrout",2024-01-01,"area","area_2",1.42,0,5.79
"rainbowtrout",2024-02-01,"area","area_2",2.22,0,3.73
"rainbowtrout",2024-03-01,"area","area_2",4.25,0.21,8.64
"rainbowtrout",2024-04-01,"area","area_2",4.91,1.92,9.68
"rainbowtrout",2024-05-01,"area","area_2",7.23,3.57,11.21
"rainbowtrout",2024-06-01,"area","area_2",9.79,8.41,12.15
"rainbowtrout",2024-07-01,"area","area_2",11.63,10.33,13.64
"rainbowtrout",2024-08-01,"area","area_2",13.76,10.96,16.71
"rainbowtrout",2024-09-01,"area","area_2",16.4,13.28,19.81
"rainbowtrout",2024-10-01,"area","area_2",19.21,17.36,21.11
"rainbowtrout",2024-11-01,"area","area_2",21.16,19.07,25.93
"rainbowtrout",2024-12-01,"area","area_2",23.16,19.17,24.6
"rainbowtrout",2025-01-01,"area","area_2",0.97,0,2.59
"rainbowtrout",2025-02-01,"area","area_2",2.03,0,5.12
"rainbowtrout",2025-03-01,"area","area_2",3.74,1.34,6.48
"rainbowtrout",2025-04-01,"area","area_2",4.33,1.95,5.65
"rainbowtrout",2025-05-01,"area","area_2",7.27,3.51,10.77
"rainbowtrout",2025-06-01,"area","area_2",8.07,3.18,12.92
"rainbowtrout",2025-07-01,"area","area_2",9.82,7.06,14.47
"rainbowtrout",2025-08-01,"area","area_2",12.46,8.31,14.92
"rainbowtrout",2025-09-01,"area","area_2",13.11,11.31,15.7
"rainbowtrout",2025-10-01,"area","area_2",14.67,13.23,17.73
"rainbowtrout",2025-11-01,"area","area_2",15.84,12.24,17.08
"rainbowtrout",2025-12-01,"area","area_2",17.72,16.15,19.03
"rainbowtrout",2021-01-01,"area","area_3",1.63,0,5.13
"rainbowtrout",2021-02-01,"area","area_3",4.01,0,8.6
"rainbowtrout",2021-03-01,"area","area_3",4.84,0.35,8.38
"rainbowtrout",2021-04-01,"area","area_3",6.87,2.03,10.19
"rainbowtrout",2021-05-01,"area","area_3",8.99,6.91,12.11
"rainbowtrout",2021-06-01,"area","area_3",10.12,8.84,12.31
"rainbowtrout",2021-07-01,"area","area_3",11.66,8.06,16.35
"rainbowtrout",2021-08-01,"area","area_3",14.21,9.8,19.03
"rainbowtrout",2021-09-01,"area","area_3",15.18,10.79,16.86
"rainbowtrout",2021-10-01,"area","area_3",16.05,11.12,18.92
"rainbowtrout",2021-11-01,"area","area_3",17.42,14.16,21.36
"rainbowtrout",2021-12-01,"area","area_3",18.61,17.41,20.96
"rainbowtrout",2022-01-01,"area","area_3",1.35,0,4.14
"rainbowtrout",2022-02-01,"area","area_3",3.26,1.88,6.45
"rainbowtrout",2022-03-01,"area","area_3",6.12,2.58,9.72
"rainbowtrout",2022-04-01,"area","area_3",7.53,5.5,9.7
"rainbowtrout",2022-05-01,"area","area_3",9.82,4.83,11.33
"rainbowtrout",2022-06-01,"area","area_3",11.95,8.28,15.74
"rainbowtrout",2022-07-01,"area","area_3",13.27,10.38,15.8
"rainbowtrout",2022-08-01,"area","area_3",15.88,13.06,18.02
"rainbowtrout",2022-09-01,"area","area_3",17.32,12.87,21.21
"rainbowtrout",2022-10-01,"area","area_3",19,17.04,22.23
"rainbowtrout",2022-11-01,"area","area_3",20.86,17.15,23.89
"rainbowtrout",2022-12-01,"area","area_3",22.61,17.77,25.89
"rainbowtrout",2023-01-01,"area","area_3",1.25,0,5.24
"rainbowtrout",2023-02-01,"area","area_3",3.22,1.6,7.36
"rainbowtrout",2023-03-01,"area","area_3",3.73,2.51,6.66
"rainbowtrout",2023-04-01,"area","area_3",6.41,3.84,7.45
"rainbowtrout",2023-05-01,"area","area_3",7.93,4.73,12.34
"rainbowtrout",2023-06-01,"area","area_3",10.38,8.33,15.07
"rainbowtrout",2023-07-01,"area","area_3",11.32,8,14.05
"rainbowtrout",2023-08-01,"area","area_3",14.31,10.53,16.17
"rainbowtrout",2023-09-01,"area","area_3",16.6,13.93,20.44
"rainbowtrout",2023-10-01,"area","area_3",18.17,15.55,21.68
"rainbowtrout",2023-11-01,"area","area_3",20.47,16.66,21.81
"rainbowtrout",2023-12-01,"area","area_3",22.44,21.08,27.39
"rainbowtrout",2024-01-01,"area","area_3",1.7,0,5.16
"rainbowtrout",2024-02-01,"area","area_3",4.48,3.24,5.52
"rainbowtrout",2024-03-01,"area","area_3",5.71,4.31,8.22
"rainbowtrout",2024-04-01,"area","area_3",7.4,5.45,8.69
"rainbowtrout",2024-05-01,"area","area_3",9.13,7.86,13.88
"rainbowtrout",2024-06-01,"area","area_3",10.67,7.8,12.19
"rainbowtrout",2024-07-01,"area","area_3",11.33,8.82,14.93
"rainbowtrout",2024-08-01,"area","area_3",12.74,11.45,14.16
"rainbowtrout",2024-09-01,"area","area_3",14.84,13.21,17.51
"rainbowtrout",2024-10-01,"area","area_3",16.06,13.86,17.91
"rainbowtrout",2024-11-01,"area","area_3",16.8,14.88,21.45
"rainbowtrout",2024-12-01,"area","area_3",19.76,18.68,21.44
"rainbowtrout",2025-01-01,"area","area_3",2.1,0,6.66
"rainbowtrout",2025-02-01,"area","area_3",4.58,1.51,7.84
"rainbowtrout",2025-03-01,"area","area_3",6.97,3.87,10.85
"rainbowtrout",2025-04-01,"area","area_3",8.82,6.7,12.66
"rainbowtrout",2025-05-01,"area","area_3",11.26,7.01,12.49
"rainbowtrout",2025-06-01,"area","area_3",13.96,12.05,18.44
"rainbowtrout",2025-07-01,"area","area_3",15.09,11.76,17.5
"rainbowtrout",2025-08-01,"area","area_3",17.88,14.57,20.64
"rainbowtrout",2025-09-01,"area","area_3",19.3,18.11,22.21
"rainbowtrout",2025-10-01,"area","area_3",21.57,18.65,24.19
"rainbowtrout",2025-11-01,"area","area_3",24.32,22.49,25.54
"rainbowtrout",2025-12-01,"area","area_3",27.03,22.19,31.11
"rainbowtrout",2021-01-01,"area","area_4",2.65,0.98,4.59
"rainbowtrout",2021-02-01,"area","area_4",5.1,2.42,7.13
"rainbowtrout",2021-03-01,"area","area_4",6.01,3.84,8.44
"rainbowtrout",2021-04-01,"area","area_4",8.29,4.5,12.36
"rainbowtrout",2021-05-01,"area","area_4",9.51,4.6,13.18
"rainbowtrout",2021-06-01,"area","area_4",10.6,6.62,12.26
"rainbowtrout",2021-07-01,"area","area_4",11.71,7.82,12.84
"rainbowtrout",2021-08-01,"area","area_4",14.57,11.63,17.42
"rainbowtrout",2021-09-01,"area","area_4",15.98,12.44,19.24
"rainbowtrout",2021-10-01,"area","area_4",16.69,13.66,21.03
"rainbowtrout",2021-11-01,"area","area_4",19.4,16,22.42
"rainbowtrout",2021-12-01,"area","area_4",19.93,18.21,24.8
"rainbowtrout",2022-01-01,"area","area_4",0.8,0,3.96
"rainbowtrout",2022-02-01,"area","area_4",3.28,2.12,8.05
"rainbowtrout",2022-03-01,"area","area_4",5.22,1.74,7.21
"rainbowtrout",2022-04-01,"area","area_4",7.88,4.41,12.66
"rainbowtrout",2022-05-01,"area","area_4",10.09,8.52,12.6
"rainbowtrout",2022-06-01,"area","area_4",11.83,6.89,14.59
"rainbowtrout",2022-07-01,"area","area_4",12.59,10.14,15.89
"rainbowtrout",2022-08-01,"area","area_4",15.39,13.64,19.1
"rainbowtrout",2022-09-01,"area","area_4",17.69,15.83,20.48
"rainbowtrout",2022-10-01,"area","area_4",19.13,14.78,22.44
"rainbowtrout",2022-11-01,"area","area_4",21.97,18.79,26.73
"rainbowtrout",2022-12-01,"area","area_4",24.95,20.69,29.16
"rainbowtrout",2023-01-01,"area","area_4",1.47,0,3.75
"rainbowtrout",2023-02-01,"area","area_4",3.12,0,5.29
"rainbowtrout",2023-03-01,"area","area_4",5.58,1.85,8.23
"rainbowtrout",2023-04-01,"area","area_4",6.79,4.57,9.1
"rainbowtrout",2023-05-01,"area","area_4",7.52,5.73,8.84
"rainbowtrout",2023-06-01,"area","area_4",10.1,7.14,11.26
"rainbowtrout",2023-07-01,"area","area_4",11.22,8.45,15.53
"rainbowtrout",2023-08-01,"area","area_4",13.89,11.62,17.48
"rainbowtrout",2023-09-01,"area","area_4",15.88,14.66,19.59
"rainbowtrout",2023-10-01,"area","area_4",17.54,13.33,22.5
"rainbowtrout",2023-11-01,"area","area_4",19.24,16.71,21.86
"rainbowtrout",2023-12-01,"area","area_4",22.07,20.21,25.87
"rainbowtrout",2024-01-01,"area","area_4",0.65,0,5.32
"rainbowtrout",2024-02-01,"area","area_4",2.51,0,6.98
"rainbowtrout",2024-03-01,"area","area_4",3.53,0,8.19
"rainbowtrout",2024-04-01,"area","area_4",6.09,4.56,11.06
"rainbowtrout",2024-05-01,"area","area_4",6.83,4.73,8.49
"rainbowtrout",2024-06-01,"area","area_4",8.96,6.6,9.98
"rainbowtrout",2024-07-01,"area","area_4",11.46,9.88,15.87
"rainbowtrout",2024-08-01,"area","area_4",12.58,7.67,14.79
"rainbowtrout",2024-09-01,"area","area_4",15.14,13.92,19.78
"rainbowtrout",2024-10-01,"area","area_4",16.27,13.16,20.16
"rainbowtrout",2024-11-01,"area","area_4",18.32,13.4,19.71
"rainbowtrout",2024-12-01,"area","area_4",20.86,18.1,25.83
"rainbowtrout",2025-01-01,"area","area_4",2.31,0.82,4
"rainbowtrout",2025-02-01,"area","area_4",3.08,0,7.57
"rainbowtrout",2025-03-01,"area","area_4",5.05,0.76,8.72
"rainbowtrout",2025-04-01,"area","area_4",7.22,4.22,11.76
"rainbowtrout",2025-05-01,"area","area_4",9.21,7.23,13.16
"rainbowtrout",2025-06-01,"area","area_4",11.13,7.16,14.61
"rainbowtrout",2025-07-01,"area","area_4",12.55,10.25,16.56
"rainbowtrout",2025-08-01,"area","area_4",14.84,10.86,16.68
"rainbowtrout",2025-09-01,"area","area_4",16.54,11.57,18
"rainbowtrout",2025-10-01,"area","area_4",18.96,16.07,23.4
"rainbowtrout",2025-11-01,"area","area_4",21.05,19.46,22.78
"rainbowtrout",2025-12-01,"area","area_4",21.8,17.35,25.62
"rainbowtrout",2021-01-01,"area","area_5",0.5,0,5.47
"rainbowtrout",2021-02-01,"area","area_5",2.54,0,6.03
"rainbowtrout",2021-03-01,"area","area_5",5.51,1.37,9.34
"rainbowtrout",2021-04-01,"area","area_5",7.73,6.29,11.28
"rainbowtrout",2021-05-01,"area","area_5",10.55,9,12.33
"rainbowtrout",2021-06-01,"area","area_5",13.43,9.48,16.26
"rainbowtrout",2021-07-01,"area","area_5",14.69,12.32,18.87
"rainbowtrout",2021-08-01,"area","area_5",16.71,12.35,19.44
"rainbowtrout",2021-09-01,"area","area_5",17.64,15.23,21.43
"rainbowtrout",2021-10-01,"area","area_5",19.58,14.67,22.17
"rainbowtrout",2021-11-01,"area","area_5",20.11,18.11,21.91
"rainbowtrout",2021-12-01,"area","area_5",21.82,19.69,25.2
"rainbowtrout",2022-01-01,"area","area_5",2.12,0.56,4.89
"rainbowtrout",2022-02-01,"area","area_5",2.65,0,3.78
"rainbowtrout",2022-03-01,"area","area_5",3.4,0,4.89
"rainbowtrout",2022-04-01,"area","area_5",6.36,4.33,8.85
"rainbowtrout",2022-05-01,"area","area_5",7.01,5.06,9.39
"rainbowtrout",2022-06-01,"area","area_5",8.62,4.5,10.98
"rainbowtrout",2022-07-01,"area","area_5",9.78,7.17,11.07
"rainbowtrout",2022-08-01,"area","area_5",11.83,10.48,14.15
"rainbowtrout",2022-09-01,"area","area_5",14.78,11.38,18.41
"rainbowtrout",2022-10-01,"area","area_5",16.18,12.42,19.93
"rainbowtrout",2022-11-01,"area","area_5",18.84,16.7,19.89
"rainbowtrout",2022-12-01,"area","area_5",21.79,17.46,24.23
"rainbowtrout",2023-01-01,"area","area_5",1.67,0,4.22
"rainbowtrout",2023-02-01,"area","area_5",4.25,1.72,9.07
"rainbowtrout",2023-03-01,"area","area_5",5.22,0.8,8.51
"rainbowtrout",2023-04-01,"area","area_5",6.75,2.9,10.08
"rainbowtrout",2023-05-01,"area","area_5",7.27,5.17,8.62
"rainbowtrout",2023-06-01,"area","area_5",8.55,6.27,12.57
"rainbowtrout",2023-07-01,"area","area_5",9.51,5.35,13.77
"rainbowtrout",2023-08-01,"area","area_5",11.78,10.02,14.22
"rainbowtrout",2023-09-01,"area","area_5",13.23,11.26,15.24
"rainbowtrout",2023-10-01,"area","area_5",13.73,11.07,16.83
"rainbowtrout",2023-11-01,"area","area_5",15.14,14.07,18.31
"rainbowtrout",2023-12-01,"area","area_5",16.89,12.97,18.33
"rainbowtrout",2024-01-01,"area","area_5",2.34,0.85,7.24
"rainbowtrout",2024-02-01,"area","area_5",3.59,1.28,6.06
"rainbowtrout",2024-03-01,"area","area_5",4.71,3.51,7.84
"rainbowtrout",2024-04-01,"area","area_5",5.79,2.68,7.76
"rainbowtrout",2024-05-01,"area","area_5",6.36,4.47,9.85
"rainbowtrout",2024-06-01,"area","area_5",8.27,5.26,12.28
"rainbowtrout",2024-07-01,"area","area_5",10.49,6.3,13.31
"rainbowtrout",2024-08-01,"area","area_5",11.16,6.79,12.83
"rainbowtrout",2024-09-01,"area","area_5",11.93,10.38,15.35
"rainbowtrout",2024-10-01,"area","area_5",12.82,7.95,15.79
"rainbowtrout",2024-11-01,"area","area_5",14.89,11.36,19.58
"rainbowtrout",2024-12-01,"area","area_5",17.14,12.84,21.69
"rainbowtrout",2025-01-01,"area","area_5",1.58,0,4.14
"rainbowtrout",2025-02-01,"area","area_5",2.29,0,5.87
"rainbowtrout",2025-03-01,"area","area_5",2.98,0,6.63
"rainbowtrout",2025-04-01,"area","area_5",5.59,3.61,9.4
"rainbowtrout",2025-05-01,"area","area_5",6.38,2.85,8.68
"rainbowtrout",2025-06-01,"area","area_5",7.08,2.53,11.14
"rainbowtrout",2025-07-01,"area","area_5",8.83,5.61,9.96
"rainbowtrout",2025-08-01,"area","area_5",10.93,9.2,14.63
"rainbowtrout",2025-09-01,"area","area_5",13.83,12.2,18.81
"rainbowtrout",2025-10-01,"area","area_5",16.39,11.52,19.77
"rainbowtrout",2025-11-01,"area","area_5",18.55,14.67,20.18
"rainbowtrout",2025-12-01,"area","area_5",20.45,16.26,23.18
"salmon",2021-01-01,"area","area_1",2.17,1.03,4.88
"salmon",2021-02-01,"area","area_1",3.35,0,6.73
"salmon",2021-03-01,"area","area_1",6.01,2.26,7.23
"salmon",2021-04-01,"area","area_1",7.21,3.14,9.42
"salmon",2021-05-01,"area","area_1",7.73,5.63,12.3
"salmon",2021-06-01,"area","area_1",9.97,7.22,13.11
"salmon",2021-07-01,"area","area_1",11.01,9.21,13.58
"salmon",2021-08-01,"area","area_1",13.84,8.98,18.26
"salmon",2021-09-01,"area","area_1",16.23,14.8,19.79
"salmon",2021-10-01,"area","area_1",17.47,14.47,22.1
"salmon",2021-11-01,"area","area_1",19.58,15.96,23.38
"salmon",2021-12-01,"area","area_1",21,18.91,25.51
"salmon",2022-01-01,"area","area_1",2.52,1.47,4.36
"salmon",2022-02-01,"area","area_1",3.97,2.46,8.55
"salmon",2022-03-01,"area","area_1",5.47,3.03,6.71
"salmon",2022-04-01,"area","area_1",6.52,2.9,7.6
"salmon",2022-05-01,"area","area_1",8.7,4.99,9.95
"salmon",2022-06-01,"area","area_1",10.93,7.25,12.14
"salmon",2022-07-01,"area","area_1",13.43,9.81,15.8
"salmon",2022-08-01,"area","area_1",14.12,11.17,18.65
"salmon",2022-09-01,"area","area_1",16.43,15.36,19.5
"salmon",2022-10-01,"area","area_1",18.67,17.6,23.22
"salmon",2022-11-01,"area","area_1",20.35,16.16,22.37
"salmon",2022-12-01,"area","area_1",22.95,21.15,26.21
"salmon",2023-01-01,"area","area_1",1.94,0,4.75
"salmon",2023-02-01,"area","area_1",3.43,1.53,6.39
"salmon",2023-03-01,"area","area_1",5.24,1.88,8.71
"salmon",2023-04-01,"area","area_1",6.75,4,10.37
"salmon",2023-05-01,"area","area_1",8.75,5.49,12.96
"salmon",2023-06-01,"area","area_1",10.38,7.27,11.69
"salmon",2023-07-01,"area","area_1",11.96,9.55,16.79
"salmon",2023-08-01,"area","area_1",13.1,9.18,18
"salmon",2023-09-01,"area","area_1",15.26,14.11,17.05
"salmon",2023-10-01,"area","area_1",17.65,13.14,21.03
"salmon",2023-11-01,"area","area_1",20.4,16.71,21.84
"salmon",2023-12-01,"area","area_1",21.99,17.17,25.2
"salmon",2024-01-01,"area","area_1",2.52,0.06,4.3
"salmon",2024-02-01,"area","area_1",3.27,0.39,6.88
"salmon",2024-03-01,"area","area_1",4.15,2.44,5.99
"salmon",2024-04-01,"area","area_1",6.03,2.42,7.92
"salmon",2024-05-01,"area","area_1",6.64,3.84,11.19
"salmon",2024-06-01,"area","area_1",8.13,4.56,10.82
"salmon",2024-07-01,"area","area_1",9.89,8.64,12.17
"salmon",2024-08-01,"area","area_1",12.7,10.71,16.08
"salmon",2024-09-01,"area","area_1",14.78,13.76,16.46
"salmon",2024-10-01,"area","area_1",17.04,14.43,20.54
"salmon",2024-11-01,"area","area_1",18.01,16.87,22.33
"salmon",2024-12-01,"area","area_1",19.69,17.61,24.5
"salmon",2025-01-01,"area","area_1",1.17,0,2.39
"salmon",2025-02-01,"area","area_1",3.59,0,8.35
"salmon",2025-03-01,"area","area_1",5.81,3.99,9.57
"salmon",2025-04-01,"area","area_1",6.87,2.1,11.29
"salmon",2025-05-01,"area","area_1",9.14,6.98,11.43
"salmon",2025-06-01,"area","area_1",10.13,6.99,11.94
"salmon",2025-07-01,"area","area_1",13.08,8.15,15.41
"salmon",2025-08-01,"area","area_1",16.02,14,20.45
"salmon",2025-09-01,"area","area_1",17.41,13.69,19.98
"salmon",2025-10-01,"area","area_1",19.73,16.92,24.49
"salmon",2025-11-01,"area","area_1",20.8,17.53,22.53
"salmon",2025-12-01,"area","area_1",21.78,16.92,26.77
"salmon",2021-01-01,"area","area_2",1.25,0,3.69
"salmon",2021-02-01,"area","area_2",2.66,0,7.62
"salmon",2021-03-01,"area","area_2",3.48,1.21,6.69
"salmon",2021-04-01,"area","area_2",4.56,0,7.37
"salmon",2021-05-01,"area","area_2",6.18,5.08,7.4
"salmon",2021-06-01,"area","area_2",8.06,6.84,10.25
"salmon",2021-07-01,"area","area_2",10.77,7.78,14.41
"salmon",2021-08-01,"area","area_2",12.59,11.43,14.8
"salmon",2021-09-01,"area","area_2",13.26,10.35,15.41
"salmon",2021-10-01,"area","area_2",15.37,13.19,17.16
"salmon",2021-11-01,"area","area_2",16.55,13.56,18.12
"salmon",2021-12-01,"area","area_2",18.58,14.14,23.04
"salmon",2022-01-01,"area","area_2",1.45,0,4.9
"salmon",2022-02-01,"area","area_2",2.38,0,3.69
"salmon",2022-03-01,"area","area_2",4.23,0,8.32
"salmon",2022-04-01,"area","area_2",4.79,3.73,6.52
"salmon",2022-05-01,"area","area_2",6.53,1.97,10.28
"salmon",2022-06-01,"area","area_2",8.23,3.25,12.35
"salmon",2022-07-01,"area","area_2",9.94,6.77,11.68
"salmon",2022-08-01,"area","area_2",10.78,8.96,14.34
"salmon",2022-09-01,"area","area_2",12.19,10.09,13.71
"salmon",2022-10-01,"area","area_2",13.94,12.85,16.79
"salmon",2022-11-01,"area","area_2",14.82,12.74,16.96
"salmon",2022-12-01,"area","area_2",15.83,11.16,19.77
"salmon",2023-01-01,"area","area_2",2.02,0,6.72
"salmon",2023-02-01,"area","area_2",2.95,0,7.78
"salmon",2023-03-01,"area","area_2",5.24,2.23,7.38
"salmon",2023-04-01,"area","area_2",7.37,5.35,10.75
"salmon",2023-05-01,"area","area_2",8.41,6.94,9.77
"salmon",2023-06-01,"area","area_2",11.03,6.51,15.17
"salmon",2023-07-01,"area","area_2",13.75,11.42,17.81
"salmon",2023-08-01,"area","area_2",15.5,13.56,20.16
"salmon",2023-09-01,"area","area_2",16.67,14.41,19.96
"salmon",2023-10-01,"area","area_2",17.74,13.96,21.15
"salmon",2023-11-01,"area","area_2",19.12,15.04,23.06
"salmon",2023-12-01,"area","area_2",21.11,18.32,24.48
"salmon",2024-01-01,"area","area_2",1.81,0,6.49
"salmon",2024-02-01,"area","area_2",3.85,0,8.6
"salmon",2024-03-01,"area","area_2",5.22,2.58,6.45
"salmon",2024-04-01,"area","area_2",6.4,3.78,7.93
"salmon",2024-05-01,"area","area_2",9.18,7.68,13.07
"salmon",2024-06-01,"area","area_2",10.32,9.22,12.99
"salmon",2024-07-01,"area","area_2",12.43,8.9,14.68
"salmon",2024-08-01,"area","area_2",15.36,10.9,20.15
"salmon",2024-09-01,"area","area_2",17.98,16.33,21.44
"salmon",2024-10-01,"area","area_2",20.48,18.83,24
"salmon",2024-11-01,"area","area_2",22.7,19.51,27.03
"salmon",2024-12-01,"area","area_2",24.68,22.87,27.84
"salmon",2025-01-01,"area","area_2",2.46,0,6.98
"salmon",2025-02-01,"area","area_2",5.36,1.05,10.31
"salmon",2025-03-01,"area","area_2",8.08,4.28,9.97
"salmon",2025-04-01,"area","area_2",9.85,5.07,14.09
"salmon",2025-05-01,"area","area_2",12.08,9.72,13.92
"salmon",2025-06-01,"area","area_2",12.96,11.25,17.64
"salmon",2025-07-01,"area","area_2",15.21,14.13,16.59
"salmon",2025-08-01,"area","area_2",17.4,12.91,22.16
"salmon",2025-09-01,"area","area_2",18.66,16.42,22
"salmon",2025-10-01,"area","area_2",19.26,16.14,20.44
"salmon",2025-11-01,"area","area_2",21.34,16.6,23.99
"salmon",2025-12-01,"area","area_2",22.16,18.52,26.59
"salmon",2021-01-01,"area","area_3",1.67,0,4.86
"salmon",2021-02-01,"area","area_3",2.25,0,6.76
"salmon",2021-03-01,"area","area_3",5.18,2.84,9.9
"salmon",2021-04-01,"area","area_3",5.78,2.91,8.52
"salmon",2021-05-01,"area","area_3",8.63,3.81,12.2
"salmon",2021-06-01,"area","area_3",9.79,5.75,13.47
"salmon",2021-07-01,"area","area_3",12.25,10.99,16.97
"salmon",2021-08-01,"area","area_3",13.49,9.93,17.32
"salmon",2021-09-01,"area","area_3",14.59,13.25,16.93
"salmon",2021-10-01,"area","area_3",15.38,12.32,17.2
"salmon",2021-11-01,"area","area_3",17.52,14.98,20.02
"salmon",2021-12-01,"area","area_3",19.51,16.48,22.79
"salmon",2022-01-01,"area","area_3",1.82,0.04,5.21
"salmon",2022-02-01,"area","area_3",4.2,1.26,6.6
"salmon",2022-03-01,"area","area_3",5.61,4.54,7.31
"salmon",2022-04-01,"area","area_3",7.15,4.42,8.92
"salmon",2022-05-01,"area","area_3",8.19,6.61,10.04
"salmon",2022-06-01,"area","area_3",10.63,7.18,12.16
"salmon",2022-07-01,"area","area_3",12.41,7.77,16.89
"salmon",2022-08-01,"area","area_3",14.39,13.33,16.59
"salmon",2022-09-01,"area","area_3",15.05,12.74,17.56
"salmon",2022-10-01,"area","area_3",17.13,13.6,18.36
"salmon",2022-11-01,"area","area_3",17.73,16.06,20.64
"salmon",2022-12-01,"area","area_3",18.83,14.36,23.73
"salmon",2023-01-01,"area","area_3",1.62,0,4.81
"salmon",2023-02-01,"area","area_3",3.33,0.15,5.12
"salmon",2023-03-01,"area","area_3",5.3,2.35,6.35
"salmon",2023-04-01,"area","area_3",6.98,2.66,11.79
"salmon",2023-05-01,"area","area_3",9.36,5.29,12.16
"salmon",2023-06-01,"area","area_3",11.25,9.96,15.7
"salmon",2023-07-01,"area","area_3",12.5,10.34,13.64
"salmon",2023-08-01,"area","area_3",14.16,12.28,16.14
"salmon",2023-09-01,"area","area_3",15.97,13.78,20
"salmon",2023-10-01,"area","area_3",16.52,12.86,18.43
"salmon",2023-11-01,"area","area_3",18.36,16.69,20.59
"salmon",2023-12-01,"area","area_3",19.19,17.7,22.53
"salmon",2024-01-01,"area","area_3",2.14,0.48,6.38
"salmon",2024-02-01,"area","area_3",4.36,3.11,7.92
"salmon",2024-03-01,"area","area_3",6.09,1.2,8.53
"salmon",2024-04-01,"area","area_3",8.95,7.52,11.36
"salmon",2024-05-01,"area","area_3",11.91,7.55,14.32
"salmon",2024-06-01,"area","area_3",13.17,11.28,15.79
"salmon",2024-07-01,"area","area_3",14.05,11.96,18.5
"salmon",2024-08-01,"area","area_3",16.04,14.38,18.03
"salmon",2024-09-01,"area","area_3",16.75,15.23,20.96
"salmon",2024-10-01,"area","area_3",19.57,16.56,22.98
"salmon",2024-11-01,"area","area_3",21.91,20.32,24.93
"salmon",2024-12-01,"area","area_3",23.81,20.66,27.52
"salmon",2025-01-01,"area","area_3",2.3,0,7.08
"salmon",2025-02-01,"area","area_3",4.72,2.46,8.15
"salmon",2025-03-01,"area","area_3",6.44,4.8,9.17
"salmon",2025-04-01,"area","area_3",8.16,4.77,10.54
"salmon",2025-05-01,"area","area_3",9.62,7.82,12.68
"salmon",2025-06-01,"area","area_3",10.14,8.51,14.35
"salmon",2025-07-01,"area","area_3",11.15,6.17,12.76
"salmon",2025-08-01,"area","area_3",13.51,11.71,15.88
"salmon",2025-09-01,"area","area_3",16.18,13.22,20.76
"salmon",2025-10-01,"area","area_3",17.08,15.8,19.39
"salmon",2025-11-01,"area","area_3",19.17,16.11,20.95
"salmon",2025-12-01,"area","area_3",20.88,17.87,24.97
"salmon",2021-01-01,"area","area_4",1.68,0,6.32
"salmon",2021-02-01,"area","area_4",4.51,0,8.21
"salmon",2021-03-01,"area","area_4",5.21,2.98,9.95
"salmon",2021-04-01,"area","area_4",5.93,1.23,9.33
"salmon",2021-05-01,"area","area_4",6.64,4.26,10.1
"salmon",2021-06-01,"area","area_4",8.59,5.63,12.4
"salmon",2021-07-01,"area","area_4",9.43,6.31,11.46
"salmon",2021-08-01,"area","area_4",12.07,8.8,13.7
"salmon",2021-09-01,"area","area_4",13.63,9.34,17.39
"salmon",2021-10-01,"area","area_4",16.05,12.79,19.71
"salmon",2021-11-01,"area","area_4",18.85,14.27,19.85
"salmon",2021-12-01,"area","area_4",19.84,16.27,23.74
"salmon",2022-01-01,"area","area_4",1.33,0,5.13
"salmon",2022-02-01,"area","area_4",2.86,0.5,7.78
"salmon",2022-03-01,"area","area_4",4.31,2.78,7.95
"salmon",2022-04-01,"area","area_4",5.38,2.11,10.11
"salmon",2022-05-01,"area","area_4",7.63,6.59,12.5
"salmon",2022-06-01,"area","area_4",8.43,6.25,12.83
"salmon",2022-07-01,"area","area_4",11.15,8.93,14.9
"salmon",2022-08-01,"area","area_4",11.68,8.36,16.23
"salmon",2022-09-01,"area","area_4",12.21,7.32,16.01
"salmon",2022-10-01,"area","area_4",13.1,8.15,16.44
"salmon",2022-11-01,"area","area_4",14.64,10.66,19.34
"salmon",2022-12-01,"area","area_4",15.33,13.94,16.81
"salmon",2023-01-01,"area","area_4",2.6,0.66,6.04
"salmon",2023-02-01,"area","area_4",3.3,0,4.77
"salmon",2023-03-01,"area","area_4",5.45,3.5,10.1
"salmon",2023-04-01,"area","area_4",7.83,4.77,10.91
"salmon",2023-05-01,"area","area_4",9.44,5.35,11.17
"salmon",2023-06-01,"area","area_4",10.73,8.15,11.97
"salmon",2023-07-01,"area","area_4",12.99,11.48,16.13
"salmon",2023-08-01,"area","area_4",14.19,9.87,15.77
"salmon",2023-09-01,"area","area_4",16.57,14.05,20.73
"salmon",2023-10-01,"area","area_4",18.36,13.45,21.7
"salmon",2023-11-01,"area","area_4",21.33,20.05,25.23
"salmon",2023-12-01,"area","area_4",21.94,17.35,25.61
"salmon",2024-01-01,"area","area_4",0.92,0,3.27
"salmon",2024-02-01,"area","area_4",1.83,0,4.82
"salmon",2024-03-01,"area","area_4",3.37,0,7.8
"salmon",2024-04-01,"area","area_4",5.18,0.54,7.57
"salmon",2024-05-01,"area","area_4",6.06,3.76,9.21
"salmon",2024-06-01,"area","area_4",7.32,5.39,11.15
"salmon",2024-07-01,"area","area_4",9.61,4.75,11.86
"salmon",2024-08-01,"area","area_4",12.02,8.66,15.55
"salmon",2024-09-01,"area","area_4",14.37,9.66,19.32
"salmon",2024-10-01,"area","area_4",15.06,10.89,16.19
"salmon",2024-11-01,"area","area_4",17.79,14.15,21.8
"salmon",2024-12-01,"area","area_4",18.46,14.69,22.93
"salmon",2025-01-01,"area","area_4",0.81,0,2.14
"salmon",2025-02-01,"area","area_4",1.54,0,5.01
"salmon",2025-03-01,"area","area_4",3.8,1.26,6.21
"salmon",2025-04-01,"area","area_4",4.48,2.44,9.28
"salmon",2025-05-01,"area","area_4",7.01,4.32,11.27
"salmon",2025-06-01,"area","area_4",9.35,6.13,13.76
"salmon",2025-07-01,"area","area_4",12.25,10.38,15.89
"salmon",2025-08-01,"area","area_4",14.47,10.58,15.8
"salmon",2025-09-01,"area","area_4",15.72,12.18,17.98
"salmon",2025-10-01,"area","area_4",16.43,15.09,21.03
"salmon",2025-11-01,"area","area_4",17.79,14.22,20.05
"salmon",2025-12-01,"area","area_4",20.45,19.28,23.88
"salmon",2021-01-01,"area","area_5",0.92,0,3.88
"salmon",2021-02-01,"area","area_5",2.51,0.49,3.88
"salmon",2021-03-01,"area","area_5",4.42,0,8.38
"salmon",2021-04-01,"area","area_5",6.8,3.46,11.8
"salmon",2021-05-01,"area","area_5",8.54,4.71,9.59
"salmon",2021-06-01,"area","area_5",11.38,6.76,15.48
"salmon",2021-07-01,"area","area_5",13.15,10.07,14.78
"salmon",2021-08-01,"area","area_5",14.12,10.12,15.65
"salmon",2021-09-01,"area","area_5",15.9,13.24,19.14
"salmon",2021-10-01,"area","area_5",17.3,15.7,20.79
"salmon",2021-11-01,"area","area_5",20.12,18.05,21.28
"salmon",2021-12-01,"area","area_5",21.94,17.83,23.43
"salmon",2022-01-01,"area","area_5",2.45,0,6.86
"salmon",2022-02-01,"area","area_5",4.62,1.53,7.22
"salmon",2022-03-01,"area","area_5",7.38,4.86,12.35
"salmon",2022-04-01,"area","area_5",9.06,7.55,12.69
"salmon",2022-05-01,"area","area_5",9.63,5.85,11.05
"salmon",2022-06-01,"area","area_5",11.07,7.79,15.16
"salmon",2022-07-01,"area","area_5",13.94,12.16,16.5
"salmon",2022-08-01,"area","area_5",15.33,12.86,17.67
"salmon",2022-09-01,"area","area_5",17.68,13.87,21.59
"salmon",2022-10-01,"area","area_5",18.91,17.62,21.51
"salmon",2022-11-01,"area","area_5",19.9,15.7,24.03
"salmon",2022-12-01,"area","area_5",22.17,20.59,23.79
"salmon",2023-01-01,"area","area_5",0.68,0,2.42
"salmon",2023-02-01,"area","area_5",1.8,0.32,4.72
"salmon",2023-03-01,"area","area_5",2.4,0.21,4.54
"salmon",2023-04-01,"area","area_5",4.72,1.51,7.89
"salmon",2023-05-01,"area","area_5",6.64,3.92,9.62
"salmon",2023-06-01,"area","area_5",8.54,3.87,10.36
"salmon",2023-07-01,"area","area_5",11.05,8.36,12.7
"salmon",2023-08-01,"area","area_5",11.76,8.48,16.74
"salmon",2023-09-01,"area","area_5",12.53,10.5,14.49
"salmon",2023-10-01,"area","area_5",14.55,13.03,16.43
"salmon",2023-11-01,"area","area_5",15.24,10.27,17.1
"salmon",2023-12-01,"area","area_5",17.47,15.37,21.64
"salmon",2024-01-01,"area","area_5",2.53,0.38,6.27
"salmon",2024-02-01,"area","area_5",3.92,0,8.66
"salmon",2024-03-01,"area","area_5",5.09,1.75,9.67
"salmon",2024-04-01,"area","area_5",7.17,5.7,9.68
"salmon",2024-05-01,"area","area_5",7.71,2.99,11.39
"salmon",2024-06-01,"area","area_5",8.31,7.18,11.68
"salmon",2024-07-01,"area","area_5",9.86,7.55,13.98
"salmon",2024-08-01,"area","area_5",12.47,8.31,17.4
"salmon",2024-09-01,"area","area_5",14.15,9.19,16.48
"salmon",2024-10-01,"area","area_5",15.24,10.27,20.12
"salmon",2024-11-01,"area","area_5",17.27,13.61,19.34
"salmon",2024-12-01,"area","area_5",19.61,15.99,22.12
"salmon",2025-01-01,"area","area_5",0.77,0,2.02
"salmon",2025-02-01,"area","area_5",2.5,0.44,4.04
"salmon",2025-03-01,"area","area_5",4.59,0.93,8.82
"salmon",2025-04-01,"area","area_5",5.66,3.89,7.75
"salmon",2025-05-01,"area","area_5",7.37,4.56,11.93
"salmon",2025-06-01,"area","area_5",10.18,7.26,14.22
"salmon",2025-07-01,"area","area_5",12.39,10.69,14.23
"salmon",2025-08-01,"area","area_5",13.4,9.51,17.95
"salmon",2025-09-01,"area","area_5",14.79,12.28,18.78
"salmon",2025-10-01,"area","area_5",17.37,16.3,20.22
"salmon",2025-11-01,"area","area_5",17.88,15.96,22.78
"salmon",2025-12-01,"area","area_5",20.67,16.49,23.1
"rainbowtrout",2021-01-01,"county","county_1",2.74,0,6.67
"rainbowtrout",2021-02-01,"county","county_1",5.52,0.87,8.58
"rainbowtrout",2021-03-01,"county","county_1",7.28,3.57,8.73
"rainbowtrout",2021-04-01,"county","county_1",9.84,5.09,14.25
"rainbowtrout",2021-05-01,"county","county_1",12.47,10.27,15.61
"rainbowtrout",2021-06-01,"county","county_1",13.44,10.53,17.52
"rainbowtrout",2021-07-01,"county","county_1",15.18,12.53,16.74
"rainbowtrout",2021-08-01,"county","county_1",17.14,15.28,21.08
"rainbowtrout",2021-09-01,"county","county_1",20.03,18.18,24.61
"rainbowtrout",2021-10-01,"county","county_1",21.83,18.37,24.87
"rainbowtrout",2021-11-01,"county","county_1",23.62,19.33,24.94
"rainbowtrout",2021-12-01,"county","county_1",25.44,22.74,29.23
"rainbowtrout",2022-01-01,"county","county_1",1.97,0.19,4.73
"rainbowtrout",2022-02-01,"county","county_1",2.76,0,5.05
"rainbowtrout",2022-03-01,"county","county_1",4.5,2.96,9.4
"rainbowtrout",2022-04-01,"county","county_1",6.98,4.83,10.3
"rainbowtrout",2022-05-01,"county","county_1",7.65,5.74,11.53
"rainbowtrout",2022-06-01,"county","county_1",9.75,5.1,13.66
"rainbowtrout",2022-07-01,"county","county_1",12.4,8.24,15.97
"rainbowtrout",2022-08-01,"county","county_1",14.97,13.18,17.11
"rainbowtrout",2022-09-01,"county","county_1",15.81,12.38,20.51
"rainbowtrout",2022-10-01,"county","county_1",18.02,15.92,21.96
"rainbowtrout",2022-11-01,"county","county_1",18.66,14.23,20.04
"rainbowtrout",2022-12-01,"county","county_1",19.29,17.71,22.03
"rainbowtrout",2023-01-01,"county","county_1",1.13,0,3.88
"rainbowtrout",2023-02-01,"county","county_1",1.93,0,6.91
"rainbowtrout",2023-03-01,"county","county_1",4.9,1.39,9.37
"rainbowtrout",2023-04-01,"county","county_1",6.53,2.88,9.41
"rainbowtrout",2023-05-01,"county","county_1",8.97,5.51,10.5
"rainbowtrout",2023-06-01,"county","county_1",11.72,8.96,12.78
"rainbowtrout",2023-07-01,"county","county_1",14.55,9.78,17.14
"rainbowtrout",2023-08-01,"county","county_1",16.58,12.9,21.45
"rainbowtrout",2023-09-01,"county","county_1",17.78,13.75,19.96
"rainbowtrout",2023-10-01,"county","county_1",20.55,19.35,23.14
"rainbowtrout",2023-11-01,"county","county_1",21.24,20.21,22.53
"rainbowtrout",2023-12-01,"county","county_1",22.5,21.25,26.83
"rainbowtrout",2024-01-01,"county","county_1",1.12,0,3.76
"rainbowtrout",2024-02-01,"county","county_1",4.03,2.07,5.26
"rainbowtrout",2024-03-01,"county","county_1",6.78,1.88,10.72
"rainbowtrout",2024-04-01,"county","county_1",8.52,4.16,10.34
"rainbowtrout",2024-05-01,"county","county_1",10.02,5.7,11.82
"rainbowtrout",2024-06-01,"county","county_1",11.3,9.45,12.95
"rainbowtrout",2024-07-01,"county","county_1",12.43,10.55,15.21
"rainbowtrout",2024-08-01,"county","county_1",15.07,11.65,19.84
"rainbowtrout",2024-09-01,"county","county_1",17.47,13.35,21.34
"rainbowtrout",2024-10-01,"county","county_1",18.43,16.77,19.93
"rainbowtrout",2024-11-01,"county","county_1",20.96,16.8,22.53
"rainbowtrout",2024-12-01,"county","county_1",23.8,21.75,25.22
"rainbowtrout",2025-01-01,"county","county_1",1.5,0,5.23
"rainbowtrout",2025-02-01,"county","county_1",2.46,0.95,3.85
"rainbowtrout",2025-03-01,"county","county_1",3.91,2.69,5
"rainbowtrout",2025-04-01,"county","county_1",4.79,0.93,5.9
"rainbowtrout",2025-05-01,"county","county_1",6.76,2.05,9.33
"rainbowtrout",2025-06-01,"county","county_1",8.88,5.94,12.6
"rainbowtrout",2025-07-01,"county","county_1",11.42,7.27,14.93
"rainbowtrout",2025-08-01,"county","county_1",13.24,10.38,15.65
"rainbowtrout",2025-09-01,"county","county_1",14.7,10.14,17.52
"rainbowtrout",2025-10-01,"county","county_1",16.85,12.61,18.68
"rainbowtrout",2025-11-01,"county","county_1",17.57,14.4,20.35
"rainbowtrout",2025-12-01,"county","county_1",19.81,14.83,23.13
"rainbowtrout",2021-01-01,"county","county_2",2.37,0,3.54
"rainbowtrout",2021-02-01,"county","county_2",3.53,0.92,6.32
"rainbowtrout",2021-03-01,"county","county_2",6.32,2.67,8.06
"rainbowtrout",2021-04-01,"county","county_2",8.69,6.21,12.12
"rainbowtrout",2021-05-01,"county","county_2",11.28,10.14,15.4
"rainbowtrout",2021-06-01,"county","county_2",13.78,9.42,16.62
"rainbowtrout",2021-07-01,"county","county_2",16.54,12.38,21.44
"rainbowtrout",2021-08-01,"county","county_2",17.32,15.48,19.19
"rainbowtrout",2021-09-01,"county","county_2",19.28,15.35,21.65
"rainbowtrout",2021-10-01,"county","county_2",21.91,17.1,25.49
"rainbowtrout",2021-11-01,"county","county_2",22.91,19.6,27.89
"rainbowtrout",2021-12-01,"county","county_2",25.22,21.52,29.81
"rainbowtrout",2022-01-01,"county","county_2",1.33,0,4.37
"rainbowtrout",2022-02-01,"county","county_2",3.5,1.12,7.37
"rainbowtrout",2022-03-01,"county","county_2",4.27,3.09,5.95
"rainbowtrout",2022-04-01,"county","county_2",5.11,2.11,6.53
"rainbowtrout",2022-05-01,"county","county_2",7.58,6.28,10.66
"rainbowtrout",2022-06-01,"county","county_2",9.92,8.36,12.98
"rainbowtrout",2022-07-01,"county","county_2",11.13,6.21,14.82
"rainbowtrout",2022-08-01,"county","county_2",11.92,7.89,13.28
"rainbowtrout",2022-09-01,"county","county_2",12.6,10.9,14.57
"rainbowtrout",2022-10-01,"county","county_2",14.19,10.51,18.62
"rainbowtrout",2022-11-01,"county","county_2",14.97,10.42,19.01
"rainbowtrout",2022-12-01,"county","county_2",16.21,15.11,18.81
"rainbowtrout",2023-01-01,"county","county_2",0.99,0,4.23
"rainbowtrout",2023-02-01,"county","county_2",2.14,0,6.04
"rainbowtrout",2023-03-01,"county","county_2",5.03,1.6,9.14
"rainbowtrout",2023-04-01,"county","county_2",7.02,3.15,8.28
"rainbowtrout",2023-05-01,"county","county_2",9.26,5.71,10.8
"rainbowtrout",2023-06-01,"county","county_2",10.23,5.57,14.72
"rainbowtrout",2023-07-01,"county","county_2",11.21,6.71,14.28
"rainbowtrout",2023-08-01,"county","county_2",13.62,11.45,15.08
"rainbowtrout",2023-09-01,"county","county_2",16.61,14.19,20.51
"rainbowtrout",2023-10-01,"county","county_2",18.62,17.51,20.24
"rainbowtrout",2023-11-01,"county","county_2",20.68,15.92,25.64
"rainbowtrout",2023-12-01,"county","county_2",23.02,19.73,27.77
"rainbowtrout",2024-01-01,"county","county_2",2.53,0,6.81
"rainbowtrout",2024-02-01,"county","county_2",3.86,0,6.79
"rainbowtrout",2024-03-01,"county","county_2",4.37,2.94,9.02
"rainbowtrout",2024-04-01,"county","county_2",7.21,2.68,11.34
"rainbowtrout",2024-05-01,"county","county_2",9.75,7.3,13.3
"rainbowtrout",2024-06-01,"county","county_2",10.52,5.85,15.49
"rainbowtrout",2024-07-01,"county","county_2",12.63,11.59,15.59
"rainbowtrout",2024-08-01,"county","county_2",13.55,12.05,15.19
"rainbowtrout",2024-09-01,"county","county_2",14.68,11.98,17.63
"rainbowtrout",2024-10-01,"county","county_2",16.71,15.65,20.53
"rainbowtrout",2024-11-01,"county","county_2",18.1,13.96,19.13
"rainbowtrout",2024-12-01,"county","county_2",18.68,16.9,21.9
"rainbowtrout",2025-01-01,"county","county_2",0.97,0,2.88
"rainbowtrout",2025-02-01,"county","county_2",1.64,0,3.57
"rainbowtrout",2025-03-01,"county","county_2",3.57,0.69,7.11
"rainbowtrout",2025-04-01,"county","county_2",4.4,1.08,9.3
"rainbowtrout",2025-05-01,"county","county_2",5.13,3.49,8.45
"rainbowtrout",2025-06-01,"county","county_2",7.02,5.37,11.5
"rainbowtrout",2025-07-01,"county","county_2",9.72,4.82,12.36
"rainbowtrout",2025-08-01,"county","county_2",11.71,9.95,15.87
"rainbowtrout",2025-09-01,"county","county_2",12.53,10.07,15.84
"rainbowtrout",2025-10-01,"county","county_2",14.6,11.69,18.84
"rainbowtrout",2025-11-01,"county","county_2",17.47,14.36,19.52
"rainbowtrout",2025-12-01,"county","county_2",18.75,15.58,23.71
"rainbowtrout",2021-01-01,"county","county_3",2.37,0.85,6.76
"rainbowtrout",2021-02-01,"county","county_3",3.97,1.11,6.91
"rainbowtrout",2021-03-01,"county","county_3",6.15,4.71,10.17
"rainbowtrout",2021-04-01,"county","county_3",8.02,6.61,11.28
"rainbowtrout",2021-05-01,"county","county_3",10.51,9.16,14.69
"rainbowtrout",2021-06-01,"county","county_3",11.79,8.74,12.86
"rainbowtrout",2021-07-01,"county","county_3",12.59,8.23,14.11
"rainbowtrout",2021-08-01,"county","county_3",13.29,9.74,16.13
"rainbowtrout",2021-09-01,"county","county_3",14,12.68,18.83
"rainbowtrout",2021-10-01,"county","county_3",14.91,11.97,16.39
"rainbowtrout",2021-11-01,"county","county_3",17.29,12.41,21.9
"rainbowtrout",2021-12-01,"county","county_3",19.99,15.36,22.17
"rainbowtrout",2022-01-01,"county","county_3",2.04,0,6.05
"rainbowtrout",2022-02-01,"county","county_3",3.74,1.74,5.29
"rainbowtrout",2022-03-01,"county","county_3",5.87,3.52,8.45
"rainbowtrout",2022-04-01,"county","county_3",8.62,6.04,10.78
"rainbowtrout",2022-05-01,"county","county_3",9.26,6.15,13.48
"rainbowtrout",2022-06-01,"county","county_3",9.81,7.27,11.49
"rainbowtrout",2022-07-01,"county","county_3",12.2,7.25,13.67
"rainbowtrout",2022-08-01,"county","county_3",12.86,9.05,16.04
"rainbowtrout",2022-09-01,"county","county_3",13.99,9.08,16.14
"rainbowtrout",2022-10-01,"county","county_3",15.85,14.64,17.62
"rainbowtrout",2022-11-01,"county","county_3",17.16,12.52,20.94
"rainbowtrout",2022-12-01,"county","county_3",18.59,13.99,20.48
"rainbowtrout",2023-01-01,"county","county_3",1.96,0,6.17
"rainbowtrout",2023-02-01,"county","county_3",4.15,1.01,6.26
"rainbowtrout",2023-03-01,"county","county_3",5.03,1.82,7.96
"rainbowtrout",2023-04-01,"county","county_3",7.59,4.32,10.51
"rainbowtrout",2023-05-01,"county","county_3",9.94,5.22,13.51
"rainbowtrout",2023-06-01,"county","county_3",11.33,7.93,14.21
"rainbowtrout",2023-07-01,"county","county_3",12.45,8.83,16.56
"rainbowtrout",2023-08-01,"county","county_3",14.37,12.57,16.46
"rainbowtrout",2023-09-01,"county","county_3",16.67,15.64,20
"rainbowtrout",2023-10-01,"county","county_3",17.54,15.13,19.67
"rainbowtrout",2023-11-01,"county","county_3",19.77,16.5,23.53
"rainbowtrout",2023-12-01,"county","county_3",21.44,16.84,24.2
"rainbowtrout",2024-01-01,"county","county_3",2.75,0,5.17
"rainbowtrout",2024-02-01,"county","county_3",4.01,2.45,7
"rainbowtrout",2024-03-01,"county","county_3",6.6,2.82,10.14
"rainbowtrout",2024-04-01,"county","county_3",8.68,4.22,9.88
"rainbowtrout",2024-05-01,"county","county_3",9.62,5.48,12.93
"rainbowtrout",2024-06-01,"county","county_3",12.55,7.81,14.49
"rainbowtrout",2024-07-01,"county","county_3",13.43,10.31,16.64
"rainbowtrout",2024-08-01,"county","county_3",13.94,9.92,16.73
"rainbowtrout",2024-09-01,"county","county_3",15.07,11.29,19.27
"rainbowtrout",2024-10-01,"county","county_3",16.73,15.34,21.22
"rainbowtrout",2024-11-01,"county","county_3",18.25,14.4,21.17
"rainbowtrout",2024-12-01,"county","county_3",20.84,17.15,25.78
"rainbowtrout",2025-01-01,"county","county_3",2.45,0,6.28
"rainbowtrout",2025-02-01,"county","county_3",3.19,0.81,4.33
"rainbowtrout",2025-03-01,"county","county_3",5.18,3.44,7.08
"rainbowtrout",2025-04-01,"county","county_3",5.89,1.74,9.21
"rainbowtrout",2025-05-01,"county","county_3",8.1,3.63,9.72
"rainbowtrout",2025-06-01,"county","county_3",9.76,4.95,12.59
"rainbowtrout",2025-07-01,"county","county_3",11.38,8.47,13.28
"rainbowtrout",2025-08-01,"county","county_3",11.9,8.77,14.89
"rainbowtrout",2025-09-01,"county","county_3",13.92,9.96,17.78
"rainbowtrout",2025-10-01,"county","county_3",16.67,14.6,20.98
"rainbowtrout",2025-11-01,"county","county_3",17.81,14.9,21.41
"rainbowtrout",2025-12-01,"county","county_3",19.2,14.77,20.94
"salmon",2021-01-01,"county","county_1",1.67,0,6.38
"salmon",2021-02-01,"county","county_1",2.26,0,7.05
"salmon",2021-03-01,"county","county_1",3.66,0.47,7.62
"salmon",2021-04-01,"county","county_1",6.08,1.63,9.12
"salmon",2021-05-01,"county","county_1",9.07,4.84,12.71
"salmon",2021-06-01,"county","county_1",11.17,6.86,12.29
"salmon",2021-07-01,"county","county_1",11.91,10.31,14.98
"salmon",2021-08-01,"county","county_1",13.62,8.72,15.78
"salmon",2021-09-01,"county","county_1",16.48,13.71,18.51
"salmon",2021-10-01,"county","county_1",17.12,12.71,21.98
"salmon",2021-11-01,"county","county_1",18.43,16.8,20.93
"salmon",2021-12-01,"county","county_1",20.92,16.24,25.14
"salmon",2022-01-01,"county","county_1",0.82,0,2.1
"salmon",2022-02-01,"county","county_1",3.16,0,5.06
"salmon",2022-03-01,"county","county_1",5.11,3.61,7.14
"salmon",2022-04-01,"county","county_1",7.14,5.87,12
"salmon",2022-05-01,"county","county_1",9.85,7.73,13.51
"salmon",2022-06-01,"county","county_1",12.68,8.83,16.75
"salmon",2022-07-01,"county","county_1",14.06,9.57,18.79
"salmon",2022-08-01,"county","county_1",16.07,11.67,20.73
"salmon",2022-09-01,"county","county_1",17.34,15.69,19.51
"salmon",2022-10-01,"county","county_1",18.6,16.89,23.02
"salmon",2022-11-01,"county","county_1",20.88,16.97,22.74
"salmon",2022-12-01,"county","county_1",23.41,22.39,26.85
"salmon",2023-01-01,"county","county_1",1.58,0,5.95
"salmon",2023-02-01,"county","county_1",3.4,0.92,6.95
"salmon",2023-03-01,"county","county_1",4.15,0,8.35
"salmon",2023-04-01,"county","county_1",6.86,4.76,9.54
"salmon",2023-05-01,"county","county_1",8.36,5.98,12.54
"salmon",2023-06-01,"county","county_1",9.2,6.44,10.83
"salmon",2023-07-01,"county","county_1",11.35,7.89,14.89
"salmon",2023-08-01,"county","county_1",13.65,12.51,15.64
"salmon",2023-09-01,"county","county_1",14.68,12.45,18.99
"salmon",2023-10-01,"county","county_1",17.36,14.75,21.3
"salmon",2023-11-01,"county","county_1",18.93,15.57,20.78
"salmon",2023-12-01,"county","county_1",19.77,17.49,24.09
"salmon",2024-01-01,"county","county_1",1.95,0,3.42
"salmon",2024-02-01,"county","county_1",3.57,2.56,6.51
"salmon",2024-03-01,"county","county_1",4.76,0.12,6.08
"salmon",2024-04-01,"county","county_1",6.46,5.22,9.88
"salmon",2024-05-01,"county","county_1",7.8,3.85,10.01
"salmon",2024-06-01,"county","county_1",8.35,5.23,11.33
"salmon",2024-07-01,"county","county_1",8.88,4.87,13.78
"salmon",2024-08-01,"county","county_1",10.22,6.2,13.62
"salmon",2024-09-01,"county","county_1",12.49,8.81,15.73
"salmon",2024-10-01,"county","county_1",13.57,9.15,17.45
"salmon",2024-11-01,"county","county_1",14.18,10.56,17.43
"salmon",2024-12-01,"county","county_1",14.73,11.11,18.18
"salmon",2025-01-01,"county","county_1",2.83,0,4.9
"salmon",2025-02-01,"county","county_1",3.69,1.75,5.07
"salmon",2025-03-01,"county","county_1",4.25,0.32,6.3
"salmon",2025-04-01,"county","county_1",5.75,2.1,7.03
"salmon",2025-05-01,"county","county_1",6.39,2.21,10.27
"salmon",2025-06-01,"county","county_1",8.36,6.42,13.26
"salmon",2025-07-01,"county","county_1",11.24,10.09,14.62
"salmon",2025-08-01,"county","county_1",13.41,10.49,18.09
"salmon",2025-09-01,"county","county_1",15.22,11.61,18
"salmon",2025-10-01,"county","county_1",17.18,12.3,20.89
"salmon",2025-11-01,"county","county_1",18.38,14.33,23.15
"salmon",2025-12-01,"county","county_1",20.13,15.17,24.4
"salmon",2021-01-01,"county","county_2",2.82,1.17,6.75
"salmon",2021-02-01,"county","county_2",5.42,3.99,8.07
"salmon",2021-03-01,"county","county_2",6.85,2.07,8.61
"salmon",2021-04-01,"county","county_2",8.73,7.56,11.33
"salmon",2021-05-01,"county","county_2",11.71,10.27,14.95
"salmon",2021-06-01,"county","county_2",14.06,11.01,15.59
"salmon",2021-07-01,"county","county_2",14.97,10.56,17.32
"salmon",2021-08-01,"county","county_2",17.13,13.86,21.19
"salmon",2021-09-01,"county","county_2",19.16,17.36,21.29
"salmon",2021-10-01,"county","county_2",20.31,16.71,21.65
"salmon",2021-11-01,"county","county_2",20.95,18.79,24.68
"salmon",2021-12-01,"county","county_2",22.5,18.99,23.73
"salmon",2022-01-01,"county","county_2",2.59,0,6.71
"salmon",2022-02-01,"county","county_2",4.65,3.07,6.11
"salmon",2022-03-01,"county","county_2",6.09,4.92,7.18
"salmon",2022-04-01,"county","county_2",7.57,6.52,9.84
"salmon",2022-05-01,"county","county_2",8.93,4.54,10.15
"salmon",2022-06-01,"county","county_2",10.29,9.26,14.59
"salmon",2022-07-01,"county","county_2",12.79,9.57,13.99
"salmon",2022-08-01,"county","county_2",14.28,9.79,18.03
"salmon",2022-09-01,"county","county_2",14.85,10.93,17.58
"salmon",2022-10-01,"county","county_2",17.33,15.5,21.93
"salmon",2022-11-01,"county","county_2",18.67,17.16,20.03
"salmon",2022-12-01,"county","county_2",20.34,17.85,21.65
"salmon",2023-01-01,"county","county_2",2.08,0,5.86
"salmon",2023-02-01,"county","county_2",3.4,0.05,5.27
"salmon",2023-03-01,"county","county_2",5.57,1.46,10.15
"salmon",2023-04-01,"county","county_2",6.79,4.45,11.75
"salmon",2023-05-01,"county","county_2",7.92,5.68,11.66
"salmon",2023-06-01,"county","county_2",9.57,4.79,12.18
"salmon",2023-07-01,"county","county_2",10.42,6.29,13.55
"salmon",2023-08-01,"county","county_2",11.89,10.45,16.87
"salmon",2023-09-01,"county","county_2",14.11,9.33,17.68
"salmon",2023-10-01,"county","county_2",14.75,10.24,18.66
"salmon",2023-11-01,"county","county_2",15.73,11.02,18.1
"salmon",2023-12-01,"county","county_2",17.45,15.32,20.04
"salmon",2024-01-01,"county","county_2",2.96,1.81,7.51
"salmon",2024-02-01,"county","county_2",5.87,4.61,7.61
"salmon",2024-03-01,"county","county_2",7.24,5.68,8.67
"salmon",2024-04-01,"county","county_2",9.55,5.75,14.29
"salmon",2024-05-01,"county","county_2",11.87,7.61,14.81
"salmon",2024-06-01,"county","county_2",14.07,11.98,17.5
"salmon",2024-07-01,"county","county_2",16.57,11.95,19.44
"salmon",2024-08-01,"county","county_2",18.58,16.52,20.23
"salmon",2024-09-01,"county","county_2",21.23,19.63,23.85
"salmon",2024-10-01,"county","county_2",22.39,19.57,25.1
"salmon",2024-11-01,"county","county_2",23.94,20.72,26.95
"salmon",2024-12-01,"county","county_2",25.71,22.17,27.4
"salmon",2025-01-01,"county","county_2",2.88,1.28,6.59
"salmon",2025-02-01,"county","county_2",4.85,0.71,6.68
"salmon",2025-03-01,"county","county_2",6.84,2.15,9.66
"salmon",2025-04-01,"county","county_2",8.8,6.15,10.45
"salmon",2025-05-01,"county","county_2",11.73,8.11,14.95
"salmon",2025-06-01,"county","county_2",13.81,11.55,15.32
"salmon",2025-07-01,"county","county_2",14.83,12.84,19.47
"salmon",2025-08-01,"county","county_2",15.45,13.41,19.42
"salmon",2025-09-01,"county","county_2",16.4,11.66,20.7
"salmon",2025-10-01,"county","county_2",19.33,15.03,24.15
"salmon",2025-11-01,"county","county_2",22.19,20.43,24.87
"salmon",2025-12-01,"county","county_2",23.6,22.19,28.11
"salmon",2021-01-01,"county","county_3",0.74,0,2.4
"salmon",2021-02-01,"county","county_3",2.22,0,5.38
"salmon",2021-03-01,"county","county_3",3.72,0,6.93
"salmon",2021-04-01,"county","county_3",6.4,3.06,10.21
"salmon",2021-05-01,"county","county_3",8.46,4.61,11.54
"salmon",2021-06-01,"county","county_3",9.06,4.39,12.06
"salmon",2021-07-01,"county","county_3",12,7,16.06
"salmon",2021-08-01,"county","county_3",12.85,8.01,14.88
"salmon",2021-09-01,"county","county_3",14.96,13.43,16.86
"salmon",2021-10-01,"county","county_3",17.7,14.77,20.1
"salmon",2021-11-01,"county","county_3",20.21,16.13,24.18
"salmon",2021-12-01,"county","county_3",22.41,21.17,26.26
"salmon",2022-01-01,"county","county_3",1.25,0,3.41
"salmon",2022-02-01,"county","county_3",2.58,0,4.5
"salmon",2022-03-01,"county","county_3",3.43,0.27,8.28
"salmon",2022-04-01,"county","county_3",4.71,3.07,6.05
"salmon",2022-05-01,"county","county_3",6.4,3.34,8.14
"salmon",2022-06-01,"county","county_3",7.7,3.76,10.13
"salmon",2022-07-01,"county","county_3",10.59,8.38,13.72
"salmon",2022-08-01,"county","county_3",12.99,10.69,17.44
"salmon",2022-09-01,"county","county_3",13.57,9.25,16.31
"salmon",2022-10-01,"county","county_3",14.68,12.67,18.1
"salmon",2022-11-01,"county","county_3",17.31,16.31,20.12
"salmon",2022-12-01,"county","county_3",17.86,15.08,22.84
"salmon",2023-01-01,"county","county_3",1.4,0,6.25
"salmon",2023-02-01,"county","county_3",3.13,0.71,5.57
"salmon",2023-03-01,"county","county_3",4.34,2.76,5.68
"salmon",2023-04-01,"county","county_3",7.21,2.79,11.65
"salmon",2023-05-01,"county","county_3",8.19,6.52,12.63
"salmon",2023-06-01,"county","county_3",9.95,7.05,11.55
"salmon",2023-07-01,"county","county_3",12.32,11.28,15.8
"salmon",2023-08-01,"county","county_3",14.6,13.46,17.03
"salmon",2023-09-01,"county","county_3",17.03,15.49,19.35
"salmon",2023-10-01,"county","county_3",18.9,16.53,21.59
"salmon",2023-11-01,"county","county_3",20.58,18.87,25.11
"salmon",2023-12-01,"county","county_3",22.36,19.95,24.6
"salmon",2024-01-01,"county","county_3",2.71,0,4.26
"salmon",2024-02-01,"county","county_3",4.28,0,5.88
"salmon",2024-03-01,"county","county_3",5.45,2.29,8.48
"salmon",2024-04-01,"county","county_3",7.65,3.58,10.75
"salmon",2024-05-01,"county","county_3",8.97,4.07,12.72
"salmon",2024-06-01,"county","county_3",11.03,6.33,13.58
"salmon",2024-07-01,"county","county_3",12.98,10.04,15.95
"salmon",2024-08-01,"county","county_3",13.63,9.22,15.35
"salmon",2024-09-01,"county","county_3",16.19,11.53,17.31
"salmon",2024-10-01,"county","county_3",18.44,15.53,22.69
"salmon",2024-11-01,"county","county_3",20.13,18.13,23.32
"salmon",2024-12-01,"county","county_3",22.24,19.9,26.31
"salmon",2025-01-01,"county","county_3",1.33,0,3.05
"salmon",2025-02-01,"county","county_3",4.15,0,6.01
"salmon",2025-03-01,"county","county_3",5.76,2.38,7.54
"salmon",2025-04-01,"county","county_3",7.53,6.38,10.33
"salmon",2025-05-01,"county","county_3",8.87,4.77,13.5
"salmon",2025-06-01,"county","county_3",11.19,9.33,13.68
"salmon",2025-07-01,"county","county_3",12.36,11.07,16.29
"salmon",2025-08-01,"county","county_3",13.15,9.11,16.91
"salmon",2025-09-01,"county","county_3",15.93,12.66,17.94
"salmon",2025-10-01,"county","county_3",17.58,13.32,20.48
"salmon",2025-11-01,"county","county_3",18.37,15.26,22.79
"salmon",2025-12-01,"county","county_3",21.06,16.84,23.18
"rainbowtrout",2021-01-01,"country","Country",2.12,0.79,6.56
"rainbowtrout",2021-02-01,"country","Country",3.57,1.95,4.98
"rainbowtrout",2021-03-01,"country","Country",5.12,1.05,6.25
"rainbowtrout",2021-04-01,"country","Country",7.65,4.32,11.44
"rainbowtrout",2021-05-01,"country","Country",10.32,5.46,13.94
"rainbowtrout",2021-06-01,"country","Country",12.17,7.23,13.42
"rainbowtrout",2021-07-01,"country","Country",13.37,9.6,17.74
"rainbowtrout",2021-08-01,"country","Country",14.24,10.56,18.97
"rainbowtrout",2021-09-01,"country","Country",15.91,11.98,18.58
"rainbowtrout",2021-10-01,"country","Country",16.64,14.2,20.91
"rainbowtrout",2021-11-01,"country","Country",17.17,14.1,21.79
"rainbowtrout",2021-12-01,"country","Country",18.9,15.47,23.41
"rainbowtrout",2022-01-01,"country","Country",2.02,0.98,4.86
"rainbowtrout",2022-02-01,"country","Country",3.43,0.09,6.52
"rainbowtrout",2022-03-01,"country","Country",5.22,0.84,9.97
"rainbowtrout",2022-04-01,"country","Country",6.78,5.18,10.79
"rainbowtrout",2022-05-01,"country","Country",9.13,4.57,13.29
"rainbowtrout",2022-06-01,"country","Country",11.56,8.39,14.16
"rainbowtrout",2022-07-01,"country","Country",13.07,8.38,18
"rainbowtrout",2022-08-01,"country","Country",14.08,12.14,18.56
"rainbowtrout",2022-09-01,"country","Country",15.54,12.83,17.53
"rainbowtrout",2022-10-01,"country","Country",16.16,13.27,17.6
"rainbowtrout",2022-11-01,"country","Country",17.86,15.92,18.99
"rainbowtrout",2022-12-01,"country","Country",20.04,16.48,22.89
"rainbowtrout",2023-01-01,"country","Country",0.88,0,5.18
"rainbowtrout",2023-02-01,"country","Country",1.84,0,4.3
"rainbowtrout",2023-03-01,"country","Country",3.38,0,5.67
"rainbowtrout",2023-04-01,"country","Country",6.31,2.3,8.81
"rainbowtrout",2023-05-01,"country","Country",7.39,3.02,10.26
"rainbowtrout",2023-06-01,"country","Country",7.96,5.5,11.7
"rainbowtrout",2023-07-01,"country","Country",8.54,5.54,13.05
"rainbowtrout",2023-08-01,"country","Country",9.46,5.57,12.83
"rainbowtrout",2023-09-01,"country","Country",10.72,7.72,12.73
"rainbowtrout",2023-10-01,"country","Country",13.07,10.21,17.44
"rainbowtrout",2023-11-01,"country","Country",15.38,10.41,19.69
"rainbowtrout",2023-12-01,"country","Country",16.62,12.4,18.8
"rainbowtrout",2024-01-01,"country","Country",1.9,0,6.33
"rainbowtrout",2024-02-01,"country","Country",3.98,1.87,8.5
"rainbowtrout",2024-03-01,"country","Country",5.02,3.04,7.35
"rainbowtrout",2024-04-01,"country","Country",8,4.21,11.64
"rainbowtrout",2024-05-01,"country","Country",8.51,7.09,12.51
"rainbowtrout",2024-06-01,"country","Country",9.6,6.28,13.98
"rainbowtrout",2024-07-01,"country","Country",11.45,7.78,13.5
"rainbowtrout",2024-08-01,"country","Country",13.69,9.4,16.48
"rainbowtrout",2024-09-01,"country","Country",16.18,12.33,18.84
"rainbowtrout",2024-10-01,"country","Country",17.83,15.12,22.27
"rainbowtrout",2024-11-01,"country","Country",20.64,17.13,24.29
"rainbowtrout",2024-12-01,"country","Country",23.35,22.15,24.81
"rainbowtrout",2025-01-01,"country","Country",0.76,0,5.06
"rainbowtrout",2025-02-01,"country","Country",3.7,2.03,8.69
"rainbowtrout",2025-03-01,"country","Country",6.33,4.03,8.08
"rainbowtrout",2025-04-01,"country","Country",7.24,5.1,10.09
"rainbowtrout",2025-05-01,"country","Country",8.53,7.47,10.04
"rainbowtrout",2025-06-01,"country","Country",9.03,6.86,13.52
"rainbowtrout",2025-07-01,"country","Country",9.76,6.55,13.92
"rainbowtrout",2025-08-01,"country","Country",12.43,8.07,14.07
"rainbowtrout",2025-09-01,"country","Country",14.99,13.9,19.38
"rainbowtrout",2025-10-01,"country","Country",16.74,13.65,17.77
"rainbowtrout",2025-11-01,"country","Country",19.34,15.17,22.9
"rainbowtrout",2025-12-01,"country","Country",21.06,16.75,22.37
"salmon",2021-01-01,"country","Country",2.53,0,4.27
"salmon",2021-02-01,"country","Country",3.71,0,6.05
"salmon",2021-03-01,"country","Country",4.34,0.51,8.91
"salmon",2021-04-01,"country","Country",6.1,1.9,9.88
"salmon",2021-05-01,"country","Country",8.36,4.46,9.86
"salmon",2021-06-01,"country","Country",10.66,7.47,12.49
"salmon",2021-07-01,"country","Country",12.16,8.76,14.57
"salmon",2021-08-01,"country","Country",13.38,11.82,15.58
"salmon",2021-09-01,"country","Country",15.04,13.95,19.3
"salmon",2021-10-01,"country","Country",15.95,13.99,18.7
"salmon",2021-11-01,"country","Country",18.88,16.45,21.16
"salmon",2021-12-01,"country","Country",21.39,20.37,23.33
"salmon",2022-01-01,"country","Country",2.12,0,5.7
"salmon",2022-02-01,"country","Country",3.54,0,6.9
"salmon",2022-03-01,"country","Country",5.64,1.4,8.66
"salmon",2022-04-01,"country","Country",6.15,3.85,10.17
"salmon",2022-05-01,"country","Country",7.5,4.54,11.84
"salmon",2022-06-01,"country","Country",9.93,5.83,12.52
"salmon",2022-07-01,"country","Country",12.22,8,16.99
"salmon",2022-08-01,"country","Country",13.08,10.14,16.63
"salmon",2022-09-01,"country","Country",14.26,11.08,17.12
"salmon",2022-10-01,"country","Country",15.47,12.33,17.81
"salmon",2022-11-01,"country","Country",17.3,14.54,22.01
"salmon",2022-12-01,"country","Country",18.57,16.8,22.06
"salmon",2023-01-01,"country","Country",0.86,0,4.44
"salmon",2023-02-01,"country","Country",1.48,0,5.48
"salmon",2023-03-01,"country","Country",2.62,0,4.51
"salmon",2023-04-01,"country","Country",3.57,1.17,6.03
"salmon",2023-05-01,"country","Country",4.74,1.71,6.37
"salmon",2023-06-01,"country","Country",6.57,4.54,7.91
"salmon",2023-07-01,"country","Country",9.11,5.9,12.85
"salmon",2023-08-01,"country","Country",11.79,8.86,15.69
"salmon",2023-09-01,"country","Country",14.19,9.54,18.38
"salmon",2023-10-01,"country","Country",15.07,13.31,19.24
"salmon",2023-11-01,"country","Country",15.62,13.24,20.27
"salmon",2023-12-01,"country","Country",16.51,12.06,21.2
"salmon",2024-01-01,"country","Country",1.19,0,5.51
"salmon",2024-02-01,"country","Country",2.56,0,6.14
"salmon",2024-03-01,"country","Country",5.3,3.92,6.42
"salmon",2024-04-01,"country","Country",6.48,1.82,10.56
"salmon",2024-05-01,"country","Country",8.86,6.81,13.35
"salmon",2024-06-01,"country","Country",10.28,8.71,13.5
"salmon",2024-07-01,"country","Country",12.37,10.6,17
"salmon",2024-08-01,"country","Country",13.98,11.51,15.08
"salmon",2024-09-01,"country","Country",14.87,11.64,16.3
"salmon",2024-10-01,"country","Country",16.13,14.08,18.73
"salmon",2024-11-01,"country","Country",18.3,14.86,22.02
"salmon",2024-12-01,"country","Country",21.16,17.78,24.79
"salmon",2025-01-01,"country","Country",1.17,0,6.16
"salmon",2025-02-01,"country","Country",2.04,0,3.22
"salmon",2025-03-01,"country","Country",3.98,2.46,8.35
"salmon",2025-04-01,"country","Country",6.59,2.78,11.55
"salmon",2025-05-01,"country","Country",9.22,7.81,12.25
"salmon",2025-06-01,"country","Country",10.46,6.57,14.72
"salmon",2025-07-01,"country","Country",11.23,7.35,15.77
"salmon",2025-08-01,"country","Country",12.06,10.76,13.52
"salmon",2025-09-01,"country","Country",13.55,10.05,18.06
"salmon",2025-10-01,"country","Country",16.1,13.87,17.58
"salmon",2025-11-01,"country","Country",17.02,13.09,19.8
"salmon",2025-12-01,"country","Country",18.71,16.74,23.17
